게시날짜,제목,조회수,좋아요수,댓글수,댓글내용
2025-04-04,안 보시면 손해가 맞습니다.,714284,15873,457,"유튜브 동영상 'vJT_Hs4VHMI'의 상세 요약입니다. 이 영상은 2년 동안 방문한 120개의 식당 중 10곳을 선별하여 소개하고 있습니다.
​산재후 (Sanjehu): 나무 장작을 이용한 그릴 요리를 전문으로 하는 식당입니다. 노량진 수산시장에서 재료를 직접 공수하는 주인의 열정이 돋보입니다. 먹장어와 와규 요리가 추천됩니다 [01:43].
​이자카야 코리 (Izakaya Kori): 잠실에 위치한 이자카야로, 퀄리티와 가격 면에서 훌륭한 곳입니다. 바지락술찜과 고등어봉초밥이 추천 메뉴입니다 [04:26].
​할매집 (Halmaejip): 미슐랭 가이드에 7년 연속 선정된 족발집입니다. 매콤한 양념과 쫀득한 식감이 특징이며, 푸짐한 양이 인상적입니다 [06:23].
​파티 (Pati): 가성비 좋은 프랑스 식당입니다. 문어 샐러드, 시금치 페스토 파스타, 비스크 파스타가 추천됩니다 [07:29].
​산청수풀가든 (Sancheong Supul Garden): '산장' 컨셉의 고기 전문점입니다. 신선하고 육즙 가득한 고기와 다양한 밑반찬이 돋보입니다 [09:42].
​이미커피 (Emi Coffee): '복숭아' 디저트인 '행복'으로 유명한 카페입니다. 복숭아와 요거트 아이스크림, 타르트의 조화가 훌륭합니다 [12:00].
​아도르 (Adore): 전 호텔 셰프가 운영하는 성수동의 양식당입니다. 모든 소스를 직접 만드는 것이 특징이며, 연어 그라브락스와 로마식 까르보나라, 비스크 파스타가 추천됩니다 [13:50].
​윤씨매운탕 (Yoon's Spicy Stew): 매운 닭볶음탕 전문점입니다. 맛있는 밑반찬과 오래 끓일수록 깊은 맛이 나는 국물이 특징입니다 [16:05].
​작은피자집 (Small Pizza House): 적은 테이블 수를 가진 인기 피자 가게입니다. 치즈와 토핑이 풍부한 트리플 치즈 피자가 추천됩니다 [17:34].
​산동 (Sandong): 텐동 전문점입니다. 짜거나 달지 않은 완벽한 타레 소스가 특징이며, 밥의 식감도 훌륭합니다 [18:57]."
2025-04-04,안 보시면 손해가 맞습니다.,714284,15873,457,"요즘 맛집 검색하면 광고나 평범  체험단이 많고
파인다이닝은 너무 지나치게 비싸고
방송식당은 맛에 비해 너무 예약이 빡센데
좋네요"
2025-04-04,안 보시면 손해가 맞습니다.,714284,15873,457,아 코오리 안되는데... 예약 큰일나따...
2025-04-04,안 보시면 손해가 맞습니다.,714284,15873,457,윤심이네 웨이팅 생기면 안되는데....내 숨겨둔 맛집
2025-04-04,안 보시면 손해가 맞습니다.,714284,15873,457,이 영상보고 얼른 예약했습니다~! 맛집 소개 감사드려요👍❤️❤️
2025-04-04,안 보시면 손해가 맞습니다.,714284,15873,457,"작은피자집...그만...
맨날 웨이팅...
그 와중에 페퍼로니+트리플치즈 조합은 저랑 똑같네여..."
2025-04-04,안 보시면 손해가 맞습니다.,714284,15873,457,"산청숯불갈비 진짜 JMT
인생 고기집 중 하나
근데 웨이팅 너무 길어서 그건 아쉽"
2024-09-12,기념일에 무조건 사랑받는 낭만넘치는 은하수뷰 재즈바✨#녹트 #한강뷰 #한강뷰레스토랑 #서울데이트 #서울데이트코스,130143,522,2,"기념일에 무조건 사랑받는 낭만넘치는 은하수뷰 재즈바✨

일렁이는 한강뷰에 반짝이는 별이 머리 위에 쏟아지는
역대급 몽환적인 레스토랑 녹트!💘

언젠가 꼭 가봐야지 하다가
저도 남자친구와 3000일을 맞이해
예약에 성공하고 다녀왔어요ㅎㅎ💐

기념일이나 데이트 앞두신 분들
꼭 한번 다녀와보세요!💝💝

📍녹트 
-서울 용산구 올림픽대로 2085-96 THE RIVER 2층
-예약은 캐치테이블로 30일 전 자정에 예약이 오픈됨!
자정 예약에 실패해도, 빈자리 알람 해두면
빈자리가 끊임없이 계속 뜨니 취소표로도 완전 가능💫"
2025-10-05,"올해 파인다이닝 1등, 예약성공률 0.0001% [S학점 🍝 상암 일 베키오]",71364,1635,50,"🧑🏻‍🎓엉겁결에 가봤고, 가봐서 참 다행이 된 곳 일 베키오입니다.

최근 여러 선배님 채널들에서 찬사 영상들이 올라와 '맛있는가 보다' 하고 지나쳤던 곳. 원래 파인다이닝을 잘 리뷰하는 채널도 아니기에 제가 방문하게 될 지는 몰랐습니다. 작년 올해 다닌 곳 중에서 가격은 가장 낮은 편에 맛은 반비례하는 일 베키오. 최고라는 타이틀에 이견이 없는 곳이었습니다.

현재까지 올라온 채널들이 아니라, 올라올 채널들이 많기에 예약난이도는 더더욱 높아지게 될 곳. 사실상 이번에 간 이유도 이제 못간다는 지인 통화 때문이었습니다. 6인 기준 식사비 90만원에 와인값이 90만원이 나온 일 베키오. 덕분에 이번 한 달은 밀키트에 햇반이지만 그래도 행복합니다. 암표를 구해서라도(?) 다녀오세요!

-

🥩 일 베키오
📍 서울 마포구 월드컵북로 332-12 1층 일 베키오
⏰ 10:00 - 22:00(15:00 - 18:00 브레이크타임)

-

🎓 오늘의 수업 총평
◽Dinner course(140,000원) S"
2025-10-05,"올해 파인다이닝 1등, 예약성공률 0.0001% [S학점 🍝 상암 일 베키오]",71364,1635,50,아 예전부터 저장해두고 가던곳인데 왜 모든 유튜버들이 리뷰하는가 ㅠ 예약이 점점 힘들어지는
2025-10-05,"올해 파인다이닝 1등, 예약성공률 0.0001% [S학점 🍝 상암 일 베키오]",71364,1635,50,이번주에 예약해놨는데 기대가 되네요
2025-10-05,"올해 파인다이닝 1등, 예약성공률 0.0001% [S학점 🍝 상암 일 베키오]",71364,1635,50,예약전쟁하기에는 소소한편으로 기억합니다
2025-10-05,"올해 파인다이닝 1등, 예약성공률 0.0001% [S학점 🍝 상암 일 베키오]",71364,1635,50,가격이랑 예약 여유로운거 생각하면 갈만한데 이젠 예약전쟁이면 슬프긴해
2025-10-05,"올해 파인다이닝 1등, 예약성공률 0.0001% [S학점 🍝 상암 일 베키오]",71364,1635,50,"작년 4월에 방문했었는데
그때보다 스탭업을 한느낌.. 작년엔 그정돈 아니었던거 같은데 
생선요리도 살짝 오버쿡에 라구가 나왔었는데 그것도 온도감이 안맞는 느낌 그래서 가격 메리트는 있는데 완성도가 떨어진다는 느낌을 받았는데 좋아졌나 보네요 
그치만 이제는 예약전쟁탓에 못갛거 같은 ㅋㅋ"
2025-10-05,"올해 파인다이닝 1등, 예약성공률 0.0001% [S학점 🍝 상암 일 베키오]",71364,1635,50,ㅋㅋㅋㅋㅋㅋㅋㅋㅋㅋㅋㅋ 사채라도 쓰고 다녀오라니 본격 사채 권유 유튜버ㅋㅋ 아ㅜㅠ 예약못해서 못가는게 다행인건가요 😂
2025-10-05,"올해 파인다이닝 1등, 예약성공률 0.0001% [S학점 🍝 상암 일 베키오]",71364,1635,50,가보고싶은 곳은 다 예약전쟁이구나..
2025-10-05,"올해 파인다이닝 1등, 예약성공률 0.0001% [S학점 🍝 상암 일 베키오]",71364,1635,50,승우아빠가 예약을 터트렸나
2024-11-28,대한민국에서 가장 높은 음식점!? #잠실맛집  #핫플 #데이트 #롯데타워,49852,398,6,"기념일에 진짜 딱임!! (일단저장) 

📌위치 : 123라운지 
(서울 송파구 올림픽로 300 롯데월드타워 123층)
➡️ 잠실역 2번 출구에서 27m

롯데월드 123층에
서울이 한눈에 보이는 절경이 펼쳐지는
레스토랑에 다녀왔습니다

입맛 까다로운 엄마, 아빠도 흡족해서
만족도가 높아서 공유드려요!💟
일몰시간 잘 확인해서 예약하는걸 추천드립니다
잠실데이트코스나 특별한 기념일에 가면 
너무 좋을 거 같고 
63빌딩 라운지처럼 이미 프러포즈 명소로 
입소문 난 거 같더라고요!
예약 꼭 하고 가셔야한다는 거 참고해주세요! 

📌영상 속 메뉴
- 123 Special (2인) (240,000원)
- 123 Special (3인) (360,000원)

[Special 2인 기준 코스]
양송이스프2
랍스터&가리비샐러드1
파스타2종 중 택1
스테이크 2종 중 택1
커피/차 2잔
전망대 입장권 2인 

[주차가능]
최초 240분 4,800원
추가 요금 60분당 18,000원, 최대 30,000원

[예약]
캐치테이블

📌영업시간
- 월-목 10:30 - 21:50
20:50 라스트오더
- 금,토 공휴일 전날 10:30 - 22:50
21:50 라스트오더 

📌전화번호
0507-1374-8026

#잠실맛집 #잠실역맛집 #잠실역맛집추천 #123라운지 #송파구맛집 #잠실가볼만한곳 #연말모임 #연말모임장소 #잠실핫플 #잠실핫플레이스 #잠실데이트코스 #잠실데이트 #잠실역데이트"
2024-01-10,기념일에 가기좋은 서울 맛집 모음집 정보는 댓글창⬇️,34840,66,1,"남친/여친 기념일 데이트 풀코스 요약본🔎 한개씩 도장깨자‼️
@@아, 우리 여기갈래?

⬇️ 자세한 내용보기
🏡[엠 스테이크하우스]
▪️송파구 올림픽로 300 에비뉴엘 6층
▪️오픈 11:30 | 라스트오더 20:00
▪️예약 가능
▪️주차 가능
▪️T-BONE STEAK 맛집
🏡[엠 스테이크하우스]
▪️영등포구 63로 50 59층
▪️오픈 11:00 | 라스트오더 21:30
▪️예약 가능
▪️주차 가능
▪️Bello Menu 추천
🏡[앰버서더 서울 풀만 더킹스]
▪️중구 동호로 287 앰버서더 호텔 1층
▪️오픈 06:30 | 라스트오더 21:00
▪️예약 가능
▪️주차 가능
▪️랍스터,스테이크 무제한 뷔페
🏡[포레스트 청담]
▪️강남구 선릉로 803 1-3층
▪️오픈 11:30 | 라스트오더 22:00
▪️예약 가능
▪️주차 가능
▪️사프란 리조또, 목살스테이크 추천
🏡[바빌리안테이블]
▪️강남구 압구정로46길 5-2 2층
▪️오픈 11:00 | 라스트오더 22:30
▪️예약 가능
▪️주차 가능
▪️스페셜 코스 추천
🏡[라팰리스 청담]
▪️강남구 선릉로152번길 18 1-2층
▪️오픈 11:30 | 라스트오더 01:00
▪️예약 가능
▪️주차 가능
▪️랍스타리조또 추천
🏡[한식 오마카세 미지]
▪️마포구 독막로5길 33 3층
▪️오픈 13:00 | 라스트오더 21:00
▪️예약 가능
▪️주차 가능
▪️코스요리 추천
🏡[그랜드하얏트서울 테판]
▪️용산구 소월로 322
▪️오픈 11:30 | 라스트오더 21:30
▪️예약 가능
▪️주차 가능
▪️랍스터,한우 점심메뉴에 포함
🏡[그리노 성수]
▪️성동구 성수이로 147 1층
▪️오픈 11:30 | 라스트오더 21:30
▪️예약 가능
▪️주차 가능
▪️부채살 스테이크 맛집, 가성비👍🏻
🏡[타이거풀]
▪️성동구 성수이로7가길 7
▪️오픈 11:30 | 라스트오더 22:00
▪️예약 가능
▪️주차 가능
▪️24K 토마호크 맛집

▪️주변 가볼만한 곳
[놀거리] 롯데월드어드벤처
[놀거리] 코엑스아쿠아리움
[놀거리] 북촌 한옥마을
[놀거리] 서울스카이
[놀거리] 아쿠아플라넷 63
[놀거리] 남산케이블카
[놀거리] 뚝섬한강공원 눈썰매장
[놀거리] 다이나믹메이즈 인사동
[놀거리] 서울 새빛섬
[놀거리] 한국은행 화폐박물관
[놀거리] 여의도 한강공원 눈썰매장
[놀거리] 여의도 이크루즈
[놀거리] 둘리뮤지엄
[놀거리] 북악스카이웨이
[자연명소] 올림픽공원 나홀로나무
[자연명소] 잠실한강공원
[자연명소] 청계광장
[자연명소] 창덕궁
[자연명소] 북촌 한옥마을
[자연명소] 쌈지길
[자연명소] 반포 한강공원
[자연명소] 덕수궁
[자연명소] 인사동문화의거리
[자연명소] 몽촌토성 망월봉
[자연명소] 석촌호수
[자연명소] 북악팔각정
[자연명소] 세빛섬
[자연명소] 마로니에공원
[자연명소] 반포대교달빛무지개분수
[자연명소] 성수동카페거리
[자연명소] Kia360

더 많은 정보는 @koun_trip 팔로우 🤍
#서울 #서울놀거리 #서울핫플레이스 #서울맛집
#서울데이트코스 #서울데이트 #서울소개팅
#데이트코스추천 #데이트코스 #기념일가볼만한곳"
2025-07-18,예약 안 하면 못 먹어요 대구 남산동 스테이크 맛집 #대구맛집 #남산동맛집맛집,30368,0,11,"예약 안 하면 못 먹어요 대구 남산동 스테이크 맛집

❤️ 대구 동성로 스테이크, 라자냐 맛집
❤️ 웨이팅 있음 심하게 있음. 예약필수
❤️ 못 드시고 돌아가시는 분들이 많다고
❤️ 외국 관광객들도 찾아오는 찐 맛집 
❤️ 콜키지 프리. 와인 모임 장소로도 유명함

〰️〰️〰️〰️〰️〰️〰️〰️〰️〰️〰️〰️〰️

✅️ 고객 리뷰 @솜***
남자친구랑 기념일 맞이해서 예약하고 
방문 했어요 스테이크랑 라자냐 바질페스토 
파스타 주문했어요 소문은 들었지만 소문보다 
훨씬 더 맛있었어요!! 스테이크는 고기도 너무 
부드럽고 매쉬드포테이토랑 홀그레인머스타드와 조화가 너무 좋았어요 천상의 맛이었습니다

✅️ 고객 리뷰 @불**
생일 기념 남자친구랑 트라이브에서 
밥먹고 왔어요! 조금 늦게 예약해서 
그런지 7시 반밖에 시간이 없더라구요!
라자냐, 크림파스타, 감자튀김 시켰는데 
다 괜찮았어요! 유명한 곳은 다 이유가
있어요 기념일에 정말 추천합니다 

〰️〰️〰️〰️〰️〰️〰️〰️〰️〰️〰️〰️〰️

❤️ 트라이브 스테이크 38,000원
❤️ 시그니처 라자냐 23,000원
❤️ 트러플 크림 뇨끼 19,000원
❤️ 칠리페퍼 크림 파파델리 18,000원
❤️ 해산물 오일 스파게티니 18,000원
❤️ 바질페스토 스파게티니 18,000원
❤️ 오리지널 카르보나라 18,000원
❤️ 대구 중구 남산동 917-17
❤️ 트라이브레스토랑 
❤️ 반월당역 2번 출구에서 332m
❤️ 11:30 ~ 21:00
❤️ 브레이크 타임 14:30 ~ 17:00 

#대구맛집 #남산동맛집 #트라이브레스토랑
#반월당맛집 #동성로맛집 #봉산동맛집"
2025-07-18,예약 안 하면 못 먹어요 대구 남산동 스테이크 맛집 #대구맛집 #남산동맛집맛집,30368,0,11,"ㅋㅋ
개웃김.
여기가 웨이팅,,,,?"
2022-05-06,기념일 데이트용 레스토랑으로 추천하는 미슐랭 1스타 파인다이닝,24330,206,46,1인 예약가능한 곳 너무 사랑해요.
2022-05-06,기념일 데이트용 레스토랑으로 추천하는 미슐랭 1스타 파인다이닝,24330,206,46,"필드민님 ! 오늘도 영상 잘 봤습니당 🥰🥰 
항상 필드민님 영상으로 대리만족해서 넘 즐거워용 😆 
진짜  맛 설명해주시는 것도, 음식을 담은 영상도 넘 좋아서 미슐랭 리뷰 유튜버중에 쩰 조아합니다 …💗 다음 영상도 기대할게용 ㅎ,ㅎ 
아 그리구 한번씩 현장음도 살려보는건 어떠실까요 ?!"
2025-01-02,(🥩공유) 기념일에 가야할 수원 광교 스페인 코스요리😳 #쇼츠 #shorts #수원맛집 #광교맛집 #오마카세,11935,78,3,"(🥩공유) 기념일에 가야할 수원 광교 스페인 코스요리😳

셰프님이 스페인 르꼬르동블루 졸업하고 스페인 산세바
스티안 미슐랭 3스타에서 일하고 차리신 스페인 코스요
리 맛집이 수원 광교에 있다는 거 아시나요 ? 여기는 예약
으로만 운영되는 곳이고 오픈키친이라 요리하는 모습도
직접 볼 수 있고 코스가 나올 때마다 셰프님께서 음식에
대한 스토리텔링도 해주셔서 더 맛있게 먹었던 곳 ! ! 💕

분위기도 너무 좋고 코스 하나하나 맛있고 고급스러워서
커플 기념일이나 소개팅, 부모님 데리고 가기 딱 좋을 것
같아요 코스는 하나인데 시즌마다 메뉴는 달라진대요✨
메뉴 구성도 알차고 양도 많아서 진짜 추천드리고 싶어요

🔻디너코스🔻
▫️ 푸아그라와 장어💗
▫️ 연어와 파프리카 핀초스
▫️ 오징어 먹물 크로켓
▫️ 한우 타르타르
▫️ 스페인식 미트볼
▫️ 꿀대구💗
▫️ 버섯과 새우 빠에야💗
▫️ 이베리코 플루마
▫️ 바스크 치즈케이크
▫️ 커피

✏️ @habla_suwon
📍 광교호수공원로 277 아뮤즈스퀘어 B1층 127호
💸 디너코스 1인 98.0"
2024-11-22,기념일에 어디갈지 고민이라면 추천합니다! 강추! #대구맛집 #오마카세,5064,20,2,"🏠스시아타이
👉🏻대구 수성구 청솔로14길 18 3층
⏰ 매일 10:00 - 22:00 (매주 월요일 휴무)
🔎 네이버예약, 캐치테이블⭕️
-런치오마카세(65.0) 12:00 
-디너오마카세(110.0) 1부 18:00 / 2부 20:00"
2024-12-24,기념일에 연인 데려가면 이쁨 받는 한강뷰🍷,3410,28,1,"⚠️저장/공유 필수!

도심에서 보기 힘든 수만 개의 별이 쏟아지는 곳✨
통창 뷰로 한강을 코앞에서 즐길 수 있는 선상 레스토랑🌠
특별한 음식과 엄선된 와인에 재즈 공연까지🎷

분위기 그냥 끝났습니다..
연인과 하루를 특별하게 보내고 싶다면 여기🤍

📍#녹트 NOCT @noct_theriver

🌎서울 용산구 올림픽대로 2085-96 THE RIVER 2층

⏰️18:00~24:00 (매주 일 휴무)

🅿️반포 한강공원 제3주차장, 3시간 무료 주차

✔️예약
1. 캐치 테이블에 예약일 한달 전 자정에 오픈
2. 예약 못했어도 취소 예약도 많이 잡혀 빈자리 알림 설정하기!
3. 8시이후부터 워크인 가능! (미리 전화로 확인하기)
4. 5인 이상 단체, 별실 예약도 가능

🍷추천 메뉴
- 쪽파페스토파스타, 이베리코 스테이크, 양고기 스테이크, 캐비지

🎷공연
1부 19:00~19:40
2부 21:20~22:00
(공연 시간 내 이용 시, 1인 1만 원 공연비 별도 발생)

🐶꿀팁
1. 창가 좌석을 원하면 6시/9시 타임으로 예약하고 이용 시간 2시간 30분 제한 / 홀좌석은 예약한 시간부터 무제한으로 이용 가능해요!
2. 녹트 예약 시 요트체험 할인 적용

#여행은못참지_서울

—————————————————
💟구독하고 더 많은 🌎전세계 여행정보 받아보기👇🏻
@travel_motchamgee
같이 가고 싶은 친구에게 공유👉🏻
일단 저장해놓고 나중에 꺼내보기💌
여행 제보는 태그 또는 메일💛
💌 travel.motchamgee@gmail.com
#여행은못참지"
2025-07-22,"여기는 저장해놓고 특별한날은 물론, 부모님 생신, 기념일에 예약 한 번 해보세요. 갈 때 마다 새로운 음식이니 매년가도 새롭다고? #청주 #맛집 #청주맛집 #koreanfood",2639,17,1,"📕information

🚩충북 청주시 상당구 상당로 137 1층 '곡선'
🕛 17:00~21:30 (매주 월요일 휴무)

* 지역재생사회적협동조합 지하 주차장 2시간이용 가능합니다(주차권)
* 100% 예약제 / 코스
* 에피소드 12번째 1인 100,000원 / 노쇼방지 예약금 50,000

(+주말 12:00 런치) 1부 17:00-18:40 2부 19:30-21:10 - 노키즈존(중학생이상 가능)입니다. - 매달 15일 다음달 예약 오픈합니다 
* 기념일카드/ 폴라로이드 선물
* 단체 8~12명 대관도 가능
 [콜키지 및 주류] 하우스와인 : 14,000-16,000원 논알콜와인 : 14,000원 청주 : 변동 하우스와인 3잔 : 40,000원 콜키지 : 20,000원 (인원수 상관없이 1팀 1병 가능/잔 최대 4잔(5잔이상시 콜키지비용 30,000원))  [안내 및 유의사항] 1. 밀가루, 계란, 치즈, 올리브오일, 토마토, 새우 등 광범위하게 사용되는 식재료의 경우 알러지 케어가 불가능합니다. 2. 일행 포함 15분 이상 늦으실 경우 코스 이용 불가합니다(노쇼에 해당됩니다). 3. 방문 당일-2일전 방문일 및 시간 변경 불가합니다.  [예약금 환불 기준] -방문 3일전 100% -방문 2일전 70% -방문 1일전 50% -방문 당일, 노쇼 0% 
[주차장 이용 안내] 지역재생사회적협동조합 지하 주차장 2시간이용 가능합니다(주차권)

—————————————————----

여러분
특별한 날 보통 어디가시나요?

청주는 호텔 라운지가 없어서
진짜 애매해 
서울쪽으로 가게 되는데

그것도 한 두번이고

또 저녁만 먹고 들어와야 되는 날이나
부모님이나 연세 있으신 분들 모셔야 될 때는
가까운 곳에 좋은 곳 찾기 어렵더라구요

그럴 때를 대비해
미리 여기 저장해두세요

매 계절별로 그 시기의 제철, 계절성있는 음식으로
가장 맛잇는 요리를 해주시는 곳인데

분위기 좋은곳, 이쁜 곳 그렇게 많은데
사실 제대로 맛있기까지 한 곳은 찾기 어렵거든요?

진짜 여기는 왜 계절별로 바뀌는 음식에도
단골들이 찾는지 알겠더라구요

음식이 일단 너무 맛있었고,
하나하나 디테일도 좋아서
아 청주에도 괜찬은 파인다이닝 레스토랑이 있구나,, 싶었습니다.

매번 오는 기념일은 물론
부모님 생신때나 어르신들 모실때도 너무 좋은 분위기라
꼭 한번 가보시면 계속 가시게 될꺼같아요!

물가도 많이 올라서
어디서 먹든 다 기념일에 가격 나가는데
분위기좋은 곳에서 맛있는 코스먹으며
기분내시는건 어떠신가요?



—————————————————----





#청주맛집 #대전맛집 #세종맛집 #청주여행 #세종여행 #대전여행
#청주술집 #청주핫플 #청주카페 #성안길 #청주시내 #성안길맛집 #청주시내맛집
#청주데이트 #청주데이트장소
#맛행가_청주 #먹스타그램 #맛스타그램"
2021-12-08,기념일💍연말 예약 폭주! 연남동 핫플🔥 유재석님도 반한 커피 오마카세 🍮🥃🎂☕ 펠른 보스의 브랜딩 노하우 단독공개  | 젯씨고 ep. 38-1,1299,35,25,"커피 오마카세라니..🥰
바로 예약갑니다"
2025-10-01,콘서트가 있는 3만원대 코스 요리 #기념일레스토랑 #광진구맛집 #군자역맛집,450,2,1,"👉 전석 예약제 (네이버)
👉 네이버에서 ""기념일 레스토랑 라뮤즈""를 검색해보세요 🎶
👉 라뮤즈 공식 홈페이지 :
www.lamuse365.com (검색창에 입력해주세요)"
2025-02-07,기념일 맛집ෆ 서울 top5 핫플 강민철레스토랑 디너예약만 한달? #서울맛집#기념일맛집#서울데이트#서울미슐랭맛집#미쉐린맛집#서울핫플#강민철레스토랑,215,2,1,"📍서울 강남구 도산대로 68길 18 B1층에 위치한 강민철 레스토랑 다녀왔어요!
예약만 한달넘게 걸린다는 서울 top 5 레스토랑인데요!🥹
프라이빗하면서도 내부인테리어도 너무 예뻤고
✅미쉐린 맛집답게 눈과 귀는 물론 코까지 즐거웠던 행복한 한끼였어요!
런치는 18만원 디너는 34만원 ! 저는 글라스와인 2잔을 곁들인 디너로 행복하게 즐겼습니다🥰
기념일이라면 꼭 한번쯤 가보셨으면 좋겠어요❤️"
2025-10-24,건대에서 이런 소고기 요리라니! 라뮤즈 뵈프 부르기뇽#기념일레스토랑 #맛집#shorts,214,1,2,"👉 전석 예약제 (네이버)
👉 네이버에서 ""기념일 레스토랑 라뮤즈""를 검색해보세요 🎶
👉 라뮤즈 공식 홈페이지 :
www.lamuse365.com (검색창에 입력해주세요)"
